saddr,saddr-raw,daddr,daddr-raw,ipid,ttl,classification,success,sport,dport,icmp_responder,icmp_type,icmp_code,icmp_unreach_str,udp_pkt_size,data,repeat,cooldown,timestamp-str,timestamp-ts,timestamp-us
92.118.110.140,2356049500,172.24.82.16,273815724,56249,53,udp,1,161,57856,,,,,121,306f020103300e02024a69020205c004010002010304233021041180001f8880240c8118dac24d6100000000020116020338c6d80400040004003035041180001f8880240c8118dac24d61000000000400a81e020237f002010002010030123010060a2b060106030f0101040041020172,0,1,2025-05-16T13:58:25.237+0200,1747396705,237449
185.209.151.22,379048377,172.24.82.16,273815724,35711,53,udp,1,161,43166,,,,,122,3070020103300f02024a69020300ffe304010002010304233021041180001f88808af9a115285054660000000002010902035781d00400040004003035041180001f88808af9a11528505466000000000400a81e020237f002010002010030123010060a2b060106030f010104004102020d,0,1,2025-05-16T13:58:25.237+0200,1747396705,237557
95.211.145.143,2408698719,172.24.82.16,273815724,59922,52,udp,1,161,35818,,,,,121,306f020103300e02024a69020205c004010002010304233021041180001f888007bde87f7ff132630000000002010e020324ec020400040004003035041180001f888007bde87f7ff13263000000000400a81e020237f002010002010030123010060a2b060106030f01010400410200cf,0,1,2025-05-16T13:58:25.237+0200,1747396705,237584
161.123.35.189,3173219233,172.24.82.16,273815724,61094,54,udp,1,161,55071,,,,,119,306d020103300e02024a69020205c004010002010304223020041180001f8880953aa326422a00680000000002012c020202310400040004003034041180001f8880953aa326422a0068000000000400a81d020237f00201000201003011300f060a2b060106030f01010400410129,0,1,2025-05-16T13:58:25.237+0200,1747396705,237603
89.38.99.162,2724406873,172.24.82.16,273815724,15599,53,udp,1,161,36542,,,,,123,3071020103300f02024a69020300ffe304010002010304243022041180001f8880de232941e30e2d6700000000020102020400fa17450400040004003035041180001f8880de232941e30e2d67000000000400a81e020237f002010002010030123010060a2b060106030f0101040041020525,0,1,2025-05-16T13:58:25.237+0200,1747396705,237623
161.123.35.188,3156442017,172.24.82.16,273815724,62062,54,udp,1,161,46282,,,,,119,306d020103300e02024a69020205c004010002010304223020041180001f8880953aa326422a00680000000002012c020202310400040004003034041180001f8880953aa326422a0068000000000400a81d020237f00201000201003011300f060a2b060106030f0101040041012b,0,1,2025-05-16T13:58:25.237+0200,1747396705,237642
161.123.35.180,3022224289,172.24.82.16,273815724,34822,55,udp,1,161,58659,,,,,119,306d020103300e02024a69020205c004010002010304223020041180001f8880953aa326422a00680000000002012c020202310400040004003034041180001f8880953aa326422a0068000000000400a81d020237f00201000201003011300f060a2b060106030f0101040041012a,0,1,2025-05-16T13:58:25.237+0200,1747396705,237652
95.211.141.197,3314406239,172.24.82.16,273815724,36377,54,udp,1,161,39510,,,,,122,3070020103300f02024a69020300ffe304010002010304233021041180001f888091d0686dc4255d5d0000000002010f0203612bba0400040004003035041180001f888091d0686dc4255d5d000000000400a81e020237f002010002010030123010060a2b060106030f010104004102022a,0,1,2025-05-16T13:58:25.237+0200,1747396705,237662
83.149.100.18,308581715,172.24.82.16,273815724,10659,54,udp,1,161,41027,,,,,123,3071020103300f02024a69020300ffe304010002010304243022041180001f8880e08f5110870da96400000000020129020400cb21150400040004003035041180001f8880e08f5110870da964000000000400a81e020237f002010002010030123010060a2b060106030f01010400410203fc,0,1,2025-05-16T13:58:25.237+0200,1747396705,237672
185.209.151.17,295162297,172.24.82.16,273815724,10915,53,udp,1,161,59577,,,,,122,3070020103300f02024a69020300ffe304010002010304233021041180001f8880f51b5877244c5466000000000201070203578e4c0400040004003035041180001f8880f51b5877244c5466000000000400a81e020237f002010002010030123010060a2b060106030f01010400410201df,0,1,2025-05-16T13:58:25.237+0200,1747396705,237690
45.89.61.96,1614633261,172.24.82.16,273815724,26107,54,udp,1,161,60438,,,,,121,306f020103300f02024a69020300ffe304010002010304233021041180001f8880ce49a410b3908f6700000000020102020307ce700400040004003034041180001f8880ce49a410b3908f67000000000400a81d020237f00201000201003011300f060a2b060106030f0101040041012f,0,1,2025-05-16T13:58:25.237+0200,1747396705,237701
81.171.9.166,2785651537,172.24.82.16,273815724,60849,54,udp,1,161,48583,,,,,121,306f020103300e02024a69020205c004010002010304233021041180001f88804d325e36a04635630000000002010d0203311ffe0400040004003035041180001f88804d325e36a0463563000000000400a81e020237f002010002010030123010060a2b060106030f0101040041020118,0,1,2025-05-16T13:58:25.237+0200,1747396705,237725
141.224.195.99,1673781389,172.24.82.16,273815724,64573,55,udp,1,161,49660,,,,,116,306a020103300f02024a69020300ffe30401000201030421301f040f800008be8031373237323235383632020101020304e7d30400040004003031040f800008be80313732373232353836320400a81c020237f00201000201003010300e060a2b060106030f010104008000,0,1,2025-05-16T13:58:25.237+0200,1747396705,237744
161.123.35.187,3139664801,172.24.82.16,273815724,17029,54,udp,1,161,37006,,,,,119,306d020103300e02024a69020205c004010002010304223020041180001f8880953aa326422a00680000000002012c020202310400040004003034041180001f8880953aa326422a0068000000000400a81d020237f00201000201003011300f060a2b060106030f0101040041012c,0,1,2025-05-16T13:58:25.237+0200,1747396705,237762
31.161.88.180,3025707295,172.24.82.16,273815724,34052,53,udp,1,161,58365,,,,,110,3064020103300e02024a69020205c0040100020103041e301c040c00000063000000a100dbe5d702011102030cf30a040004000400302f040c00000063000000a100dbe5d70400a81d020237f00201000201003011300f060a2b060106030f01010400410153,0,1,2025-05-16T13:58:25.237+0200,1747396705,237772
212.78.184.18,314068692,172.24.82.16,273815724,6404,51,udp,1,161,44941,,,,,111,3065020103300f02024a69020300ffe3040100020103041e301c040b800002a203e8b26512b4c6020114020402b3f2aa040004000400302f040b800002a203e8b26512b4c60400a81e020237f002010002010030123010060a2b060106030f0101040041023670,0,1,2025-05-16T13:58:25.237+0200,1747396705,237801
37.48.82.104,1750216741,172.24.82.16,273815724,42919,52,udp,1,161,34601,,,,,122,3070020103300f02024a69020300ffe304010002010304233021041180001f88804f305839dafccd650000000002010a02031eadd70400040004003035041180001f88804f305839dafccd65000000000400a81e020237f002010002010030123010060a2b060106030f01010400410200b5,0,1,2025-05-16T13:58:25.237+0200,1747396705,237820
161.123.35.186,3122887585,172.24.82.16,273815724,2616,54,udp,1,161,37369,,,,,119,306d020103300e02024a69020205c004010002010304223020041180001f8880953aa326422a00680000000002012c020202310400040004003034041180001f8880953aa326422a0068000000000400a81d020237f00201000201003011300f060a2b060106030f0101040041012d,0,1,2025-05-16T13:58:25.237+0200,1747396705,237852
37.48.81.67,1129394213,172.24.82.16,273815724,48944,52,udp,1,161,46407,,,,,122,3070020103300f02024a69020300ffe304010002010304233021041180001f8880a2852543a60fb7670000000002010602036d971e0400040004003035041180001f8880a2852543a60fb767000000000400a81e020237f002010002010030123010060a2b060106030f0101040041020515,0,1,2025-05-16T13:58:25.237+0200,1747396705,237866
109.206.176.54,917556845,172.24.82.16,273815724,17157,55,udp,1,161,52588,,,,,122,3070020103300e02024a69020205c004010002010304243022041180001f8880225b1f7c00be2066000000000201020204020667ed0400040004003035041180001f8880225b1f7c00be2066000000000400a81e020237f002010002010030123010060a2b060106030f0101040041021ce1,0,1,2025-05-16T13:58:25.237+0200,1747396705,237876
92.66.16.49,823149148,172.24.82.16,273815724,20577,52,udp,1,161,55681,,,,,110,3064020103300f02024a69020300ffe3040100020103041d301b040b80001f88031056ca679a7002010102031e0ffd040004000400302f040b80001f88031056ca679a700400a81e020237f002010002010030123010060a2b060106030f0101040041020933,0,1,2025-05-16T13:58:25.237+0200,1747396705,237895
175.110.115.54,913534639,172.24.82.16,273815724,3139,54,udp,1,161,57685,,,,,123,3071020103300f02024a69020300ffe304010002010304243022041180001f888034281a6fe8ea906700000000020102020400963ba00400040004003035041180001f888034281a6fe8ea9067000000000400a81e020237f002010002010030123010060a2b060106030f0101040041020384,0,1,2025-05-16T13:58:25.237+0200,1747396705,237907
109.206.176.79,1336987245,172.24.82.16,273815724,65463,54,udp,1,161,48702,,,,,123,3071020103300f02024a69020300ffe304010002010304243022041180001f8880f1e8a835ef64b3650000000002010c0204016a748f0400040004003035041180001f8880f1e8a835ef64b365000000000400a81e020237f002010002010030123010060a2b060106030f01010400410206d4,0,1,2025-05-16T13:58:25.237+0200,1747396705,237944
45.89.61.74,1245534509,172.24.82.16,273815724,41733,55,udp,1,161,41794,,,,,122,3070020103300f02024a69020300ffe304010002010304233021041180001f888054b4e54ea9aac567000000000201030203501f480400040004003035041180001f888054b4e54ea9aac567000000000400a81e020237f002010002010030123010060a2b060106030f01010400410201df,0,1,2025-05-16T13:58:25.237+0200,1747396705,237959
62.129.149.158,2660598078,172.24.82.16,273815724,15173,54,udp,1,161,56827,,,,,121,306f020103300f02024a69020300ffe304010002010304233021041180001f8880b7c1dc057f1f43570000000002011d0203261c490400040004003034041180001f8880b7c1dc057f1f4357000000000400a81d020237f00201000201003011300f060a2b060106030f01010400410144,0,1,2025-05-16T13:58:25.237+0200,1747396705,237970
185.209.151.35,597152185,172.24.82.16,273815724,42173,53,udp,1,161,48875,,,,,122,3070020103300f02024a69020300ffe304010002010304233021041180001f8880d8fc0703c13653660000000002010802035794750400040004003035041180001f8880d8fc0703c1365366000000000400a81e020237f002010002010030123010060a2b060106030f01010400410201db,0,1,2025-05-16T13:58:25.237+0200,1747396705,237989
205.220.228.91,1541725389,172.24.82.16,273815724,48254,53,udp,1,161,54824,,,,,122,3070020103300f02024a69020300ffe304010002010304233021041180001f88808e7fe539032010630000000002011102037a810c0400040004003035041180001f88808e7fe53903201063000000000400a81e020237f002010002010030123010060a2b060106030f01010400410202b3,0,1,2025-05-16T13:58:25.238+0200,1747396705,238000
185.209.151.29,496488889,172.24.82.16,273815724,40609,53,udp,1,161,48202,,,,,123,3071020103300f02024a69020300ffe304010002010304243022041180001f8880cc236a6ff14d5466000000000201060204013ac5e20400040004003035041180001f8880cc236a6ff14d5466000000000400a81e020237f002010002010030123010060a2b060106030f01010400410205e8,0,1,2025-05-16T13:58:25.238+0200,1747396705,238020
185.128.88.4,72908985,172.24.82.16,273815724,27756,54,udp,1,161,37040,,,,,123,3071020103300f02024a69020300ffe304010002010304243022041180001f88804703607189cc1963000000000201010204050d54200400040004003035041180001f88804703607189cc1963000000000400a81e020237f002010002010030123010060a2b060106030f010104004102100e,0,1,2025-05-16T13:58:25.238+0200,1747396705,238030
149.14.93.109,1834815125,172.24.82.16,273815724,12685,52,udp,1,161,55891,,,,,123,3071020103300f02024a69020300ffe304010002010304243022041180001f8880b68c04129b42fb5d0000000002010402040216fc0f0400040004003035041180001f8880b68c04129b42fb5d000000000400a81e020237f002010002010030123010060a2b060106030f01010400410213ff,0,1,2025-05-16T13:58:25.238+0200,1747396705,238043
62.165.76.113,1900848446,172.24.82.16,273815724,33510,54,udp,1,161,46053,,,,,108,3062020103300f02024a69020300ffe3040100020103041b3019040b8000000903003a9c0a9860020100020100040004000400302f040b8000000903003a9c0a98600400a81e020237f002010002010030123010060a2b060106030f0101040041024f5a,0,1,2025-05-16T13:58:25.238+0200,1747396705,238062
161.123.35.182,3055778721,172.24.82.16,273815724,26266,55,udp,1,161,44604,,,,,119,306d020103300e02024a69020205c004010002010304223020041180001f8880953aa326422a00680000000002012c020202310400040004003034041180001f8880953aa326422a0068000000000400a81d020237f00201000201003011300f060a2b060106030f0101040041012e,0,1,2025-05-16T13:58:25.238+0200,1747396705,238074
185.128.88.5,89686201,172.24.82.16,273815724,13198,53,udp,1,161,59208,,,,,123,3071020103300f02024a69020300ffe304010002010304243022041180001f88800967cf658acc1963000000000201010204050d54200400040004003035041180001f88800967cf658acc1963000000000400a81e020237f002010002010030123010060a2b060106030f0101040041021038,0,1,2025-05-16T13:58:25.238+0200,1747396705,238084
31.220.41.95,1596578847,172.24.82.16,273815724,42498,55,udp,1,161,42178,,,,,123,3071020103300f02024a69020300ffe304010002010304243022041180001f88802470e9274cab6d550000000002012602040469cd1c0400040004003035041180001f88802470e9274cab6d55000000000400a81e020237f002010002010030123010060a2b060106030f0101040041025db8,0,1,2025-05-16T13:58:25.238+0200,1747396705,238094
5.45.67.59,994258181,172.24.82.16,273815724,59544,54,udp,1,161,47106,,,,,123,3071020103300f02024a69020300ffe304010002010304243022041180001f88800ec32f733abfe85a00000000020128020400fbe0010400040004003035041180001f88800ec32f733abfe85a000000000400a81e020237f002010002010030123010060a2b060106030f0101040041020511,0,1,2025-05-16T13:58:25.238+0200,1747396705,238109
188.212.112.223,3748713660,172.24.82.16,273815724,12713,54,udp,1,161,52364,,,,,115,3069020103300f02024a69020300ffe30401000201030420301e040d80001f8880e82b71650dfc0367020101020401232c520400040004003031040d80001f8880e82b71650dfc03670400a81e020237f002010002010030123010060a2b060106030f010104004102059d,0,1,2025-05-16T13:58:25.238+0200,1747396705,238128
146.185.146.241,4052924818,172.24.82.16,273815724,0,51,udp,1,161,34594,,,,,124,3072020103300f02024a69020300ffe304010002010304243022041180001f88809b251d18fab29d520000000002010a020408c261f40400040004003036041180001f88809b251d18fab29d52000000000400a81f020237f002010002010030133011060a2b060106030f01010400410306317c,0,1,2025-05-16T13:58:25.238+0200,1747396705,238148
45.128.65.218,3661725741,172.24.82.16,273815724,4865,244,udp,1,161,41308,,,,,110,3064020103300e02024a6902022000040100020103041d301b040b800022250318b169fac8d802011902035fd4020400040004003030040b800022250318b169fac8d80400a81f020237f002010002010030133011060a2b060106030f0101040041030b61ad,0,1,2025-05-16T13:58:25.238+0200,1747396705,238187
92.70.39.7,120014428,172.24.82.16,273815724,57842,53,udp,1,161,47676,,,,,110,3064020103300f02024a69020300ffe3040100020103041d301b040b80001f88031056ca1a545002010102036dc3f2040004000400302f040b80001f88031056ca1a54500400a81e020237f002010002010030123010060a2b060106030f010104004102028a,0,1,2025-05-16T13:58:25.238+0200,1747396705,238204
45.89.61.10,171792685,172.24.82.16,273815724,22589,54,udp,1,161,44064,,,,,122,3070020103300f02024a69020300ffe304010002010304233021041180001f8880af4a234a52fdc6660000000002010602031895e90400040004003035041180001f8880af4a234a52fdc666000000000400a81e020237f002010002010030123010060a2b060106030f010104004102008f,0,1,2025-05-16T13:58:25.238+0200,1747396705,238217
62.165.76.105,1766630718,172.24.82.16,273815724,33511,54,udp,1,161,39118,,,,,108,3062020103300f02024a69020300ffe3040100020103041b3019040b8000000903003a9c0a9860020100020100040004000400302f040b8000000903003a9c0a98600400a81e020237f002010002010030123010060a2b060106030f0101040041024f5b,0,1,2025-05-16T13:58:25.238+0200,1747396705,238227
104.156.136.22,378051688,172.24.82.16,273815724,11548,55,udp,1,161,56650,,,,,121,306f020103300f02024a69020300ffe304010002010304233021041180001f8880d8851e6dd4a48e65000000000201040203149eaf0400040004003034041180001f8880d8851e6dd4a48e65000000000400a81d020237f00201000201003011300f060a2b060106030f01010400410171,0,1,2025-05-16T13:58:25.238+0200,1747396705,238237
185.209.151.32,546820537,172.24.82.16,273815724,41858,53,udp,1,161,56915,,,,,123,3071020103300f02024a69020300ffe304010002010304243022041180001f8880e3222e695203d066000000000201020204015724670400040004003035041180001f8880e3222e695203d066000000000400a81e020237f002010002010030123010060a2b060106030f0101040041020652,0,1,2025-05-16T13:58:25.238+0200,1747396705,238255
23.100.15.172,2886689815,172.24.82.16,273815724,0,48,udp,1,161,52943,,,,,122,3070020103300f02024a69020300ffe304010002010304233021041180001f888052430d4bda383654000000000201420203322d6e0400040004003035041180001f888052430d4bda383654000000000400a81e020237f002010002010030123010060a2b060106030f0101040041020209,0,1,2025-05-16T13:58:25.238+0200,1747396705,238266
83.96.202.143,2412404819,172.24.82.16,273815724,288,52,udp,1,161,56858,,,,,123,3071020103300f02024a69020300ffe304010002010304243022041180001f888050f6f909dfd37e5a0000000002011d020400d46c020400040004003035041180001f888050f6f909dfd37e5a000000000400a81e020237f002010002010030123010060a2b060106030f0101040041020409,0,1,2025-05-16T13:58:25.238+0200,1747396705,238286
185.238.243.228,3841191609,172.24.82.16,273815724,47375,44,udp,1,161,39934,,,,,121,306f020103300f02024a69020300ffe304010002010304233021041180001f88801900c11ebddc8f650000000002012b0203088bbb0400040004003034041180001f88801900c11ebddc8f65000000000400a81d020237f00201000201003011300f060a2b060106030f0101040041013d,0,1,2025-05-16T13:58:25.238+0200,1747396705,238299
37.139.20.67,1125419813,172.24.82.16,273815724,55143,51,udp,1,161,45282,,,,,123,3071020103300f02024a69020300ffe304010002010304243022041180001f8880495fde0d7b78295900000000020120020402134da40400040004003035041180001f8880495fde0d7b782959000000000400a81e020237f002010002010030123010060a2b060106030f0101040041021516,0,1,2025-05-16T13:58:25.238+0200,1747396705,238313
51.15.25.33,555290419,172.24.82.16,273815724,25488,54,udp,1,161,52753,,,,,123,3071020103300f02024a69020300ffe304010002010304243022041180001f88801a45ae322e32716200000000020108020405b5e4a50400040004003035041180001f88801a45ae322e327162000000000400a81e020237f002010002010030123010060a2b060106030f01010400410210f7,0,1,2025-05-16T13:58:25.238+0200,1747396705,238327
212.78.184.19,330845908,172.24.82.16,273815724,59508,51,udp,1,161,40119,,,,,111,3065020103300f02024a69020300ffe3040100020103041e301c040b800002a203e8b2651287c602011e020402b3f21b040004000400302f040b800002a203e8b2651287c60400a81e020237f002010002010030123010060a2b060106030f0101040041025a6d,0,1,2025-05-16T13:58:25.238+0200,1747396705,238345
185.209.151.30,513266105,172.24.82.16,273815724,12469,54,udp,1,161,38326,,,,,122,3070020103300f02024a69020300ffe304010002010304233021041180001f88804aee2605c45754660000000002010a020350e73b0400040004003035041180001f88804aee2605c4575466000000000400a81e020237f002010002010030123010060a2b060106030f01010400410201d2,0,1,2025-05-16T13:58:25.238+0200,1747396705,238355
92.118.110.130,2188277340,172.24.82.16,273815724,59769,53,udp,1,161,42277,,,,,116,306a020103300f02024a69020300ffe30401000201030421301f040f800008be8031393239363635333632020101020338c6b10400040004003031040f800008be80313932393636353336320400a81c020237f00201000201003010300e060a2b060106030f010104008000,0,1,2025-05-16T13:58:25.238+0200,1747396705,238365
161.123.35.184,3089333153,172.24.82.16,273815724,26493,54,udp,1,161,60748,,,,,119,306d020103300e02024a69020205c004010002010304223020041180001f8880953aa326422a00680000000002012c020202310400040004003034041180001f8880953aa326422a0068000000000400a81d020237f00201000201003011300f060a2b060106030f0101040041012f,0,1,2025-05-16T13:58:25.238+0200,1747396705,238374
2.58.165.111,1873099266,172.24.82.16,273815724,60195,51,udp,1,161,44982,,,,,122,3070020103300f02024a69020300ffe304010002010304233021041180001f888027c7a9265df520620000000002012802033b4a380400040004003035041180001f888027c7a9265df52062000000000400a81e020237f002010002010030123010060a2b060106030f0101040041020176,0,1,2025-05-16T13:58:25.238+0200,1747396705,238384
78.40.110.254,4268632142,172.24.82.16,273815724,34582,55,udp,1,161,39356,,,,,108,3062020103300f02024a69020300ffe3040100020103041b3019040b8000000903a0239f566620020100020100040004000400302f040b8000000903a0239f5666200400a81e020237f002010002010030123010060a2b060106030f0101040041021150,0,1,2025-05-16T13:58:25.238+0200,1747396705,238426
185.209.151.31,530043321,172.24.82.16,273815724,62579,53,udp,1,161,47502,,,,,122,3070020103300f02024a69020300ffe304010002010304233021041180001f8880952fc3081d56546600000000020109020350dc000400040004003035041180001f8880952fc3081d565466000000000400a81e020237f002010002010030123010060a2b060106030f01010400410201cd,0,1,2025-05-16T13:58:25.238+0200,1747396705,238448
103.219.154.82,1385880423,172.24.82.16,273815724,15727,54,udp,1,161,55108,,,,,121,306f020103300f02024a69020300ffe304010002010304233021041180001f8880b9d9e430d1103f640000000002011f02030135820400040004003034041180001f8880b9d9e430d1103f64000000000400a81d020237f00201000201003011300f060a2b060106030f01010400410108,0,1,2025-05-16T13:58:25.238+0200,1747396705,238460
195.206.252.113,1912393411,172.24.82.16,273815724,13044,53,udp,1,161,59503,,,,,124,3072020103300f02024a69020300ffe304010002010304243022041180001f888074563f2bfc2c7056000000000201220204088bfc550400040004003036041180001f888074563f2bfc2c7056000000000400a81f020237f002010002010030133011060a2b060106030f01010400410363e289,0,1,2025-05-16T13:58:25.238+0200,1747396705,238479
92.118.110.131,2205054556,172.24.82.16,273815724,2130,53,udp,1,161,38565,,,,,116,306a020103300f02024a69020300ffe30401000201030421301f040f800008be8031393239363635333632020101020338c6b10400040004003031040f800008be80313932393636353336320400a81c020237f00201000201003010300e060a2b060106030f010104008000,0,1,2025-05-16T13:58:25.238+0200,1747396705,238499
85.17.209.147,2479952213,172.24.82.16,273815724,8169,53,udp,1,161,45297,,,,,123,3071020103300f02024a69020300ffe304010002010304243022041180001f88806fdec8799aa1e1560000000002011302040493fc220400040004003035041180001f88806fdec8799aa1e156000000000400a81e020237f002010002010030123010060a2b060106030f0101040041020f17,0,1,2025-05-16T13:58:25.238+0200,1747396705,238511
84.106.40.207,3475532372,172.24.82.16,273815724,64258,51,udp,1,161,48419,,,,,111,3065020103300e02024a6902020578040100020103041e301c040c80000b2f05705a9e3702d53302010102030d49fb0400040004003030040c80000b2f05705a9e3702d5330400a81e020237f002010002010030123010060a2b060106030f0101040041020534,0,1,2025-05-16T13:58:25.238+0200,1747396705,238534
31.187.64.139,2336275231,172.24.82.16,273815724,8089,55,udp,1,161,38198,,,,,124,3072020103300f02024a69020300ffe304010002010304243022041180001f8880d3b95b7d10582c5a0000000002011f0204012aa9e50400040004003036041180001f8880d3b95b7d10582c5a000000000400a81f020237f002010002010030133011060a2b060106030f01010400410325267f,0,1,2025-05-16T13:58:25.238+0200,1747396705,238544
161.123.35.183,3072555937,172.24.82.16,273815724,12,55,udp,1,161,42740,,,,,119,306d020103300e02024a69020205c004010002010304223020041180001f8880953aa326422a00680000000002012c020202310400040004003034041180001f8880953aa326422a0068000000000400a81d020237f00201000201003011300f060a2b060106030f01010400410130,0,1,2025-05-16T13:58:25.238+0200,1747396705,238555
109.72.83.115,1934837869,172.24.82.16,273815724,19566,54,udp,1,161,59200,,,,,122,3070020103300f02024a69020300ffe304010002010304233021041180001f88808bfaea555336c15f000000000201360203338bde0400040004003035041180001f88808bfaea555336c15f000000000400a81e020237f002010002010030123010060a2b060106030f010104004102012d,0,1,2025-05-16T13:58:25.238+0200,1747396705,238562
89.149.207.208,3503265113,172.24.82.16,273815724,44848,52,udp,1,161,41057,,,,,122,3070020103300e02024a69020205c004010002010304243022041180001f888033dbef6c70eedc630000000002010c02040116389a0400040004003035041180001f888033dbef6c70eedc63000000000400a81e020237f002010002010030123010060a2b060106030f0101040041020529,0,1,2025-05-16T13:58:25.238+0200,1747396705,238573
109.206.176.80,1353764461,172.24.82.16,273815724,38764,55,udp,1,161,34394,,,,,123,3071020103300f02024a69020300ffe304010002010304243022041180001f8880eda1b251860ac45d000000000201070204050fc6b80400040004003035041180001f8880eda1b251860ac45d000000000400a81e020237f002010002010030123010060a2b060106030f0101040041020f0d,0,1,2025-05-16T13:58:25.238+0200,1747396705,238583
185.181.8.169,2835920313,172.24.82.16,273815724,21856,54,udp,1,161,59022,,,,,122,3070020103300e02024a69020205c004010002010304243022041180001f88800d7d2a3cfae57d540000000002013e0204022cf7490400040004003035041180001f88800d7d2a3cfae57d54000000000400a81e020237f002010002010030123010060a2b060106030f0101040041020e2a,0,1,2025-05-16T13:58:25.238+0200,1747396705,238590
109.206.164.2,44355181,172.24.82.16,273815724,17683,54,udp,1,161,40397,,,,,123,3071020103300f02024a69020300ffe304010002010304243022041180001f8880a5b8e35cc4a6fe6600000000020102020401287a560400040004003035041180001f8880a5b8e35cc4a6fe66000000000400a81e020237f002010002010030123010060a2b060106030f01010400410211ea,0,1,2025-05-16T13:58:25.238+0200,1747396705,238601
79.141.164.46,782536015,172.24.82.16,273815724,49698,54,udp,1,161,47745,,,,,122,3070020103300e02024a69020205c004010002010304243022041180001f8880c011e84facfe6f600000000002010d020402ac50c40400040004003035041180001f8880c011e84facfe6f60000000000400a81e020237f002010002010030123010060a2b060106030f0101040041020bd9,0,1,2025-05-16T13:58:25.238+0200,1747396705,238609
185.165.241.28,485598649,172.24.82.16,273815724,28799,53,udp,1,161,43258,,,,,124,3072020103300f02024a69020300ffe304010002010304243022041180001f8880b5cc192ccfa3b760000000000201020204076deef50400040004003036041180001f8880b5cc192ccfa3b760000000000400a81f020237f002010002010030133011060a2b060106030f01010400410303bb0b,0,1,2025-05-16T13:58:25.238+0200,1747396705,238619
45.89.61.14,238901549,172.24.82.16,273815724,43485,55,udp,1,161,41398,,,,,122,3070020103300f02024a69020300ffe304010002010304233021041180001f88807a77083d51a4d066000000000201050203515b240400040004003035041180001f88807a77083d51a4d066000000000400a81e020237f002010002010030123010060a2b060106030f01010400410201d1,0,1,2025-05-16T13:58:25.238+0200,1747396705,238631
185.184.72.6,105429177,172.24.82.16,273815724,6752,54,udp,1,161,41483,,,,,96,3056020103300f02024a69020300ffe304010002010304153013040580003a8c040201000201000400040004003029040580003a8c040400a81e020237f002010002010030123010060a2b060106030f0101040041020430,0,1,2025-05-16T13:58:25.238+0200,1747396705,238638
161.123.35.169,2837674913,172.24.82.16,273815724,32363,55,udp,1,161,45895,,,,,119,306d020103300e02024a69020205c004010002010304223020041180001f8880953aa326422a00680000000002012c020202310400040004003034041180001f8880953aa326422a0068000000000400a81d020237f00201000201003011300f060a2b060106030f01010400410131,0,1,2025-05-16T13:58:25.238+0200,1747396705,238647
95.211.141.198,3331183455,172.24.82.16,273815724,29674,52,udp,1,161,41928,,,,,122,3070020103300f02024a69020300ffe304010002010304233021041180001f8880eeaddf52a3be9a58000000000201310203612b6a0400040004003035041180001f8880eeaddf52a3be9a58000000000400a81e020237f002010002010030123010060a2b060106030f0101040041020217,0,1,2025-05-16T13:58:25.238+0200,1747396705,238655
5.79.93.6,106778373,172.24.82.16,273815724,47380,54,udp,1,161,58931,,,,,122,3070020103300e02024a69020205c004010002010304243022041180001f8880c275b349431d52610000000002010a020400d832eb0400040004003035041180001f8880c275b349431d5261000000000400a81e020237f002010002010030123010060a2b060106030f0101040041020454,0,1,2025-05-16T13:58:25.238+0200,1747396705,238663
45.89.61.11,188569901,172.24.82.16,273815724,15517,55,udp,1,161,36758,,,,,122,3070020103300f02024a69020300ffe304010002010304233021041180001f8880f34b020b6534c6660000000002010502035024570400040004003035041180001f8880f34b020b6534c666000000000400a81e020237f002010002010030123010060a2b060106030f01010400410201d1,0,1,2025-05-16T13:58:25.238+0200,1747396705,238674
185.128.88.6,106463417,172.24.82.16,273815724,51791,53,udp,1,161,36297,,,,,123,3071020103300f02024a69020300ffe304010002010304243022041180001f88801f6d8c7448152a6700000000020101020400fd11b70400040004003035041180001f88801f6d8c7448152a67000000000400a81e020237f002010002010030123010060a2b060106030f01010400410205e7,0,1,2025-05-16T13:58:25.238+0200,1747396705,238682
185.209.151.33,563597753,172.24.82.16,273815724,15101,54,udp,1,161,48574,,,,,123,3071020103300f02024a69020300ffe304010002010304243022041180001f8880a455d05e3b097b6600000000020106020401ac1a110400040004003035041180001f8880a455d05e3b097b66000000000400a81e020237f002010002010030123010060a2b060106030f01010400410207f2,0,1,2025-05-16T13:58:25.238+0200,1747396705,238689
161.123.35.181,3039001505,172.24.82.16,273815724,58389,55,udp,1,161,41934,,,,,119,306d020103300e02024a69020205c004010002010304223020041180001f8880953aa326422a00680000000002012c020202310400040004003034041180001f8880953aa326422a0068000000000400a81d020237f00201000201003011300f060a2b060106030f01010400410132,0,1,2025-05-16T13:58:25.238+0200,1747396705,238697
109.206.176.84,1420873325,172.24.82.16,273815724,30396,55,udp,1,161,57044,,,,,123,3071020103300f02024a69020300ffe304010002010304243022041180001f8880defe103d344a8362000000000201020204050fc7510400040004003035041180001f8880defe103d344a8362000000000400a81e020237f002010002010030123010060a2b060106030f0101040041020f3e,0,1,2025-05-16T13:58:25.238+0200,1747396705,238705
109.206.176.32,548458093,172.24.82.16,273815724,31286,55,udp,1,161,42739,,,,,122,3070020103300e02024a69020205c004010002010304243022041180001f8880225b1f7c00be2066000000000201020204020667ee0400040004003035041180001f8880225b1f7c00be2066000000000400a81e020237f002010002010030123010060a2b060106030f0101040041021ce2,0,1,2025-05-16T13:58:25.238+0200,1747396705,238712
161.123.35.185,3106110369,172.24.82.16,273815724,26827,54,udp,1,161,39484,,,,,119,306d020103300e02024a69020205c004010002010304223020041180001f8880953aa326422a00680000000002012c020202310400040004003034041180001f8880953aa326422a0068000000000400a81d020237f00201000201003011300f060a2b060106030f01010400410133,0,1,2025-05-16T13:58:25.238+0200,1747396705,238720
185.81.114.3,57823673,172.24.82.16,273815724,53758,54,udp,1,161,50710,,,,,122,3070020103300f02024a69020300ffe304010002010304233021041180001f88800a52681c5191a2670000000002010802035cbe490400040004003035041180001f88800a52681c5191a267000000000400a81e020237f002010002010030123010060a2b060106030f010104004102020b,0,1,2025-05-16T13:58:25.238+0200,1747396705,238729
45.89.61.12,205347117,172.24.82.16,273815724,340,54,udp,1,161,56435,,,,,122,3070020103300f02024a69020300ffe304010002010304233021041180001f88802113b854601bc6660000000002010502035029c80400040004003035041180001f88802113b854601bc666000000000400a81e020237f002010002010030123010060a2b060106030f01010400410201d7,0,1,2025-05-16T13:58:25.238+0200,1747396705,238740
62.165.76.129,2169283902,172.24.82.16,273815724,33512,54,udp,1,161,56166,,,,,108,3062020103300f02024a69020300ffe3040100020103041b3019040b8000000903003a9c0a9860020100020100040004000400302f040b8000000903003a9c0a98600400a81e020237f002010002010030123010060a2b060106030f0101040041024f5c,0,1,2025-05-16T13:58:25.238+0200,1747396705,238747
94.229.14.225,3775849822,172.24.82.16,273815724,29886,53,udp,1,161,44813,,,,,122,3070020103300e02024a69020205c004010002010304243022041180001f88805a46cd3da95d8261000000000201060204046a205e0400040004003035041180001f88805a46cd3da95d8261000000000400a81e020237f002010002010030123010060a2b060106030f0101040041020ef4,0,1,2025-05-16T13:58:25.238+0200,1747396705,238754
109.235.37.214,3592809325,172.24.82.16,273815724,22176,245,udp,1,161,50652,,,,,112,3066020103300e02024a69020205dc040100020103041f301d040c800000090300f87a410262800201070204057daa3d0400040004003030040c800000090300f87a410262800400a81e020237f002010002010030123010060a2b060106030f0101040041023fbc,0,1,2025-05-16T13:58:25.238+0200,1747396705,238765
192.208.1.136,2281820352,172.24.82.16,273815724,51859,57,udp,1,161,35972,,,,,122,3070020103300f02024a69020300ffe304010002010304233021041180001f8880691ad64a710de567000000000201010203421aee0400040004003035041180001f8880691ad64a710de567000000000400a81e020237f002010002010030123010060a2b060106030f01010400410205ad,0,1,2025-05-16T13:58:25.238+0200,1747396705,238775
185.209.151.24,412602809,172.24.82.16,273815724,5059,53,udp,1,161,54278,,,,,122,3070020103300f02024a69020300ffe304010002010304233021041180001f8880b0cbd113a60bb3660000000002010502034fa8f30400040004003035041180001f8880b0cbd113a60bb366000000000400a81e020237f002010002010030123010060a2b060106030f01010400410201c9,0,1,2025-05-16T13:58:25.238+0200,1747396705,238790
193.246.196.124,2093283009,172.24.82.16,273815724,4240,55,udp,1,161,60398,,,,,111,3065020103300f02024a69020300ffe3040100020103041d301b040b800061d9030013c61002100201010203403b730400040004003030040b800061d9030013c61002100400a81f020237f002010002010030133011060a2b060106030f010104004103073b5c,0,1,2025-05-16T13:58:25.238+0200,1747396705,238798
62.204.50.42,707972158,172.24.82.16,273815724,10399,55,udp,1,161,55533,,,,,122,3070020103300f02024a69020300ffe304010002010304233021041180001f8880b308ee25a310a8670000000002010d02036dea850400040004003035041180001f8880b308ee25a310a867000000000400a81e020237f002010002010030123010060a2b060106030f0101040041020253,0,1,2025-05-16T13:58:25.238+0200,1747396705,238808
185.24.175.2,45029561,172.24.82.16,273815724,32134,55,udp,1,161,57024,,,,,124,3072020103300f02024a69020300ffe304010002010304243022041180001f88802d2e5b679078796000000000020102020407adaf710400040004003036041180001f88802d2e5b6790787960000000000400a81f020237f002010002010030133011060a2b060106030f01010400410301a138,0,1,2025-05-16T13:58:25.238+0200,1747396705,238818
212.78.184.17,297291476,172.24.82.16,273815724,18703,52,udp,1,161,53042,,,,,111,3065020103300f02024a69020300ffe3040100020103041e301c040b800002a203e8b2651287c602011e020402b3f21b040004000400302f040b800002a203e8b2651287c60400a81e020237f002010002010030123010060a2b060106030f0101040041025a6e,0,1,2025-05-16T13:58:25.238+0200,1747396705,238829
109.206.176.96,1622199917,172.24.82.16,273815724,63072,54,udp,1,161,53755,,,,,123,3071020103300f02024a69020300ffe304010002010304243022041180001f88803bcc667bc07f2b5d00000000020106020405b2183f0400040004003035041180001f88803bcc667bc07f2b5d000000000400a81e020237f002010002010030123010060a2b060106030f0101040041020fd8,0,1,2025-05-16T13:58:25.238+0200,1747396705,238839
92.65.114.249,4185014620,172.24.82.16,273815724,17448,53,udp,1,161,42873,,,,,112,3066020103300f02024a69020300ffe3040100020103041e301c040b80001f88031056ca679920020101020402231ecd0400040004003030040b80001f88031056ca6799200400a81f020237f002010002010030133011060a2b060106030f01010400410300a57a,0,1,2025-05-16T13:58:25.238+0200,1747396705,238847
178.162.160.250,4204831410,172.24.82.16,273815724,34335,53,udp,1,161,52156,,,,,122,3070020103300f02024a69020300ffe304010002010304233021041180001f8880ffc39372e790bd670000000002010202034faaf30400040004003035041180001f8880ffc39372e790bd67000000000400a81e020237f002010002010030123010060a2b060106030f0101040041020390,0,1,2025-05-16T13:58:25.238+0200,1747396705,238857
92.64.43.185,3106619484,172.24.82.16,273815724,7804,244,udp,1,161,42389,,,,,112,3066020103300e02024a69020205dc040100020103041f301d040c8000000903006cab059573000201160204015abeb60400040004003030040c8000000903006cab059573000400a81e020237f002010002010030123010060a2b060106030f010104004102144e,0,1,2025-05-16T13:58:25.238+0200,1747396705,238873
31.160.202.183,3083509791,172.24.82.16,273815724,16272,245,udp,1,161,33985,,,,,112,3066020103300e02024a69020205dc040100020103041f301d040c800000090300f04a0270c780020105020401162f020400040004003030040c800000090300f04a0270c7800400a81e020237f002010002010030123010060a2b060106030f0101040041020eda,0,1,2025-05-16T13:58:25.238+0200,1747396705,238883
31.160.202.176,2966069279,172.24.82.16,273815724,16273,244,udp,1,161,50001,,,,,112,3066020103300e02024a69020205dc040100020103041f301d040c800000090300f04a0270c780020105020401162f020400040004003030040c800000090300f04a0270c7800400a81e020237f002010002010030123010060a2b060106030f0101040041020edb,0,1,2025-05-16T13:58:25.238+0200,1747396705,238893
31.160.202.177,2982846495,172.24.82.16,273815724,16274,244,udp,1,161,51075,,,,,112,3066020103300e02024a69020205dc040100020103041f301d040c800000090300f04a0270c780020105020401162f020400040004003030040c800000090300f04a0270c7800400a81e020237f002010002010030123010060a2b060106030f0101040041020edc,0,1,2025-05-16T13:58:25.238+0200,1747396705,238900
172.24.80.1,22026412,239.255.255.250,4211081199,30811,1,udp,1,56461,3702,,,,,664,3c3f786d6c2076657273696f6e3d22312e302220656e636f64696e673d227574662d38223f3e3c736f61703a456e76656c6f706520786d6c6e733a736f61703d22687474703a2f2f7777772e77332e6f72672f323030332f30352f736f61702d656e76656c6f70652220786d6c6e733a7773613d22687474703a2f2f736368656d61732e786d6c736f61702e6f72672f77732f323030342f30382f61646472657373696e672220786d6c6e733a7773643d22687474703a2f2f736368656d61732e786d6c736f61702e6f72672f77732f323030352f30342f646973636f76657279223e3c736f61703a4865616465723e3c7773613a546f3e75726e3a736368656d61732d786d6c736f61702d6f72673a77733a323030353a30343a646973636f766572793c2f7773613a546f3e3c7773613a416374696f6e3e687474703a2f2f736368656d61732e786d6c736f61702e6f72672f77732f323030352f30342f646973636f766572792f5265736f6c76653c2f7773613a416374696f6e3e3c7773613a4d65737361676549443e75726e3a757569643a62633636303637312d323961312d343231652d613664632d6262306232613639646538333c2f7773613a4d65737361676549443e3c2f736f61703a4865616465723e3c736f61703a426f64793e3c7773643a5265736f6c76653e3c7773613a456e64706f696e745265666572656e63653e3c7773613a416464726573733e75726e3a757569643a38333635636362332d616539322d356139322d623638662d6330343739393466376462643c2f7773613a416464726573733e3c2f7773613a456e64706f696e745265666572656e63653e3c2f7773643a5265736f6c76653e3c2f736f61703a426f64793e3c2f736f61703a456e76656c6f70653e,0,1,2025-05-16T13:58:26.276+0200,1747396706,276926
172.24.80.1,22026412,239.255.255.250,4211081199,30812,1,udp,1,56461,3702,,,,,664,3c3f786d6c2076657273696f6e3d22312e302220656e636f64696e673d227574662d38223f3e3c736f61703a456e76656c6f706520786d6c6e733a736f61703d22687474703a2f2f7777772e77332e6f72672f323030332f30352f736f61702d656e76656c6f70652220786d6c6e733a7773613d22687474703a2f2f736368656d61732e786d6c736f61702e6f72672f77732f323030342f30382f61646472657373696e672220786d6c6e733a7773643d22687474703a2f2f736368656d61732e786d6c736f61702e6f72672f77732f323030352f30342f646973636f76657279223e3c736f61703a4865616465723e3c7773613a546f3e75726e3a736368656d61732d786d6c736f61702d6f72673a77733a323030353a30343a646973636f766572793c2f7773613a546f3e3c7773613a416374696f6e3e687474703a2f2f736368656d61732e786d6c736f61702e6f72672f77732f323030352f30342f646973636f766572792f5265736f6c76653c2f7773613a416374696f6e3e3c7773613a4d65737361676549443e75726e3a757569643a62633636303637312d323961312d343231652d613664632d6262306232613639646538333c2f7773613a4d65737361676549443e3c2f736f61703a4865616465723e3c736f61703a426f64793e3c7773643a5265736f6c76653e3c7773613a456e64706f696e745265666572656e63653e3c7773613a416464726573733e75726e3a757569643a38333635636362332d616539322d356139322d623638662d6330343739393466376462643c2f7773613a416464726573733e3c2f7773613a456e64706f696e745265666572656e63653e3c2f7773643a5265736f6c76653e3c2f736f61703a426f64793e3c2f736f61703a456e76656c6f70653e,1,1,2025-05-16T13:58:28.346+0200,1747396708,346710
