193.110.235.252;000000090300009e1e5d870e;1;155096163
0;6;4237075;
193.107.247.129;80000009030000a5bf9c9100;20;4426284
193.110.235.235;000000090300706e6dd6a43a;1;155096184
193.110.235.240;000000090300009e1e5d870e;1;155096200
193.151.185.209;80003a8c04;0;0
193.151.185.225;80003a8c04;0;0
193.160.135.206;80000009030000df1da91101;15;31585055
193.172.166.124;800000090300802dbf7ba980;7;102233708
193.172.187.159;800000090300a8b456470368;2;55643331
193.172.194.127;800000090300e8eb34aa3080;10;31878122
193.173.103.135;800000090300683b78a75c80;5;102666729
193.173.113.114;800000090300e8eb34ca6b80;10;102058555
193.173.153.128;80000009030000f28bb50e1e;2;105174440
193.173.157.223;800000090300707db9de7e00;12;31707501
193.173.249.127;8000000903007cad74908b00;3;198916522
193.176.136.252;800000090300ccd34297d080;8;826387
193.176.139.125;800000090300ccd342983a80;12;827511
193.176.143.254;800000090300ccd34297d080;8;826653
193.176.206.255;800000090300188b9d74c0f0;2;19680388
193.176.207.252;800000090300188b9d74c0f0;2;19680416
193.177.140.250;800000090300bce712b71d00;7;31724702
193.177.160.135;800007c703002438635b00;122;8629633
193.177.160.222;80000009030034ed1bdffa80;11;60964103
193.187.189.131;80000634b29e2000101470d8f7;5;10810426
193.187.189.203;80000634b20400001014ccd196;2;122959436
193.187.189.211;80000634b20400001014ccd196;2;122959180
193.187.191.129;80000634b20400001014ccd196;2;122959476
193.187.191.226;80000634b22db4001014e8f756;6;70126879
193.238.241.208;8000000903000476b0850980;8;68900402
193.239.116.111;8000000903006026aafd9d00;10;5611123
193.239.116.112;80000009030078bc1ae01700;29;8299455
193.239.116.188;80000a4c012d953406;9;6070272
193.239.116.245;00000009030040ce243ce0a0;2;131406296
193.239.117.147;800000090300ecbd1d43b700;5;51657101
193.239.118.189;490001010189028003002d20;8;38529649
193.239.118.225;00000009030000a2ee3f74a0;14;4611259
193.239.186.233;80001f8880fe7be216902da75c00000000;13;36636972
193.242.210.109;f5717fc0d682ab4f5a00;7;8615389
193.242.210.113;f5717fc0d682ab4f5a00;7;8615388
193.242.210.141;f5717fc0d682ab4f5a00;7;8615355
193.242.210.142;f5717f7483ef51ba5b00;8;8615415
193.242.210.254;f5717f7483ef51ba5b00;8;8615104
193.254.214.137;800000090300001e7a585da8;16;16347554
193.254.214.233;800000090300e05fb94751f9;18;4916194
193.254.214.238;80000009030070ca9b8f6780;19;193429546
194.102.239.171;80001f88800a41eb0a3415ad64;25;16001160
194.102.239.184;8000000903005488de488a80;17;3083444
194.102.239.205;8000000903005c64f132a300;6;28583854
194.102.239.207;8000000903005c64f132a300;6;28583835
194.102.239.215;8000000903002436da44d900;27;28583737
194.122.162.124;80001f8880734db23c000000005cb83075;123;527380
194.122.168.186;80003a8c04;0;0
194.122.176.123;80001cc7031449bc6d4218;0;0
194.122.180.251;80001f88801bae4a5600000000683d3eeb;1;17273
194.126.241.100;80001f8880acc0be2424869a5f00000000;5;144898957
194.145.247.209;800000090300001e4a9f6ca8;4;200336388
194.151.101.249;800000090300b83861d42200;2;8046102
194.151.192.128;800000090300e4aa5db00236;4;102040515
194.171.108.193;800063a280d89403e2a07b00000094;1;255208984
194.171.148.255;80000009030000425a5dee00;3;1728159
194.178.109.128;8000000903006c310ec24280;8;3783752
194.196.112.144;00000009030080a23598f800;7;9546234
194.196.123.199;00000009030080a23513f800;8;1593634
194.196.123.241;00000009030080a23513f800;8;1593605
194.196.190.191;00000009030080a2355c2000;9;5052862
194.196.192.120;00000009030080a2355df000;8;1858446
194.196.192.127;00000009030080a2355df000;8;1858185
194.196.220.215;00000009030080a235145800;10;1859665
194.196.222.105;00000009030080a2355e0800;7;1507919
194.196.226.185;8000000903004403a7dcda00;3;2958438
195.114.237.210;80003a8c04;0;0
195.121.105.136;800000090300706bb99aab92;5;209613950
195.121.105.138;800000090300706bb99aab92;5;209613982
195.121.105.139;800000090300706bb99aadc7;12;16803184
195.121.105.160;800000090300706bb99aab92;5;209613976
195.121.105.171;800000090300706bb99aadc7;12;16803198
195.121.105.185;800000090300706bb99aadc7;12;16803211
195.121.105.211;800000090300706bb99aadc7;12;16803436
195.121.105.234;800000090300706bb99aab92;5;209614233
195.121.105.243;800000090300706bb99aab92;5;209613981
195.121.109.105;800000090300706bb99aab92;5;209613949
195.121.109.139;800000090300706bb99aadc7;12;16803198
195.123.217.160;80003a8c046d6b745f3139352e3132332e3231372e313630;0;0
195.134.168.185;8000000903006c310ecc7600;8;35583275
195.134.175.117;8000000903002c542d1a6f20;1;16586256
195.183.141.103;800000090300f4cfe2d06000;3;2989811
195.183.141.136;800000090300fc9947d16d00;4;3017446
195.191.120.112;800000090300006bf1740ed4;1;13868090
195.191.120.143;800000090300f80f6f0b8770;19;39633347
195.191.153.239;80000009030058f39cb68a00;6;201574950
195.212.122.120;00000009030080a2355e0800;7;1507936
195.212.122.143;00000009030080a2355e0800;7;1507915
195.212.136.136;00000009030080a23598f800;7;9546011
195.212.136.137;00000009030080a23598f800;7;9546271
195.212.136.209;00000009030080a23598f800;7;9546237
195.212.136.232;00000009030080a23598f800;7;9545978
195.212.179.205;800000090300acbcd95b9a00;4;41629304
195.212.206.103;00000009030080a2355ac800;7;74595828
195.212.206.137;00000009030080a2355c0800;6;2896512
195.212.206.225;00000009030080a2355c0800;6;2896809
195.212.228.128;00000009030080a2355ca800;9;2113929
195.212.228.136;00000009030080a2355ca800;9;2114184
195.212.228.143;00000009030080a2355ca800;9;2114190
195.212.228.160;00000009030080a2355ca800;9;2114181
195.212.231.145;00000009030080a235984800;7;5225014
195.212.231.151;00000009030080a235984800;7;5225006
195.212.246.120;00000009030080a2355e0800;7;1507912
195.212.247.161;0000000903001cea0b67e000;12;1684021
195.212.248.128;00000009030080a2355ac800;7;74595814
195.219.136.112;3,8303E+49;1784;20506475
195.219.150.145;3,8303E+49;1298;5712883
195.222.118.221;80001f888006ab904997f60761;19;23973121
195.238.244.102;800000090300a4887356a101;8;46037126
195.238.244.142;800000090300a49bcdd9fa01;5;19953012
198.211.122.104;80003a8c04;0;0
192.145.24.113;800000090300d47798d27680;2;104540531
192.145.25.137;8000000903002c4f5274e700;6;4772187
192.145.25.253;800000090300a00f37ea3100;8;10451590
192.145.25.41;8000000903000019e7ae7e81;19;31202713
192.145.26.120;800000090300bc26c7414b80;20;9934008
192.145.26.31;800000090300a00f37ea3100;8;10451596
192.145.27.229;80000009030000eeab237e80;20;22301636
192.145.27.33;8000000903005c64f1323600;6;38104362
192.145.27.37;800000090300bcd29584b900;4;83277616
192.145.27.38;8000000903002cf89b9ac780;4;123494309
192.145.27.45;80000009030028affdf1c380;16;14516123
192.145.27.56;8000000903002cf89b9ac780;4;123494306
192.159.103.1;800000090300a410b663e600;14;2755984
193.0.178.123;80003a8c04;0;0
193.0.179.1;800000090300641225ceb1c0;10;28344267
193.105.50.117;8000000903004891d59cbfd0;11;31718068
193.107.247.1;80000009030000aa6ef5c580;30;11739246
193.107.247.17;80000009030000aa6ef5c580;30;11739270
193.107.247.73;800000090300a4b239d6c100;4;9256621
193.110.235.9;00000009030000a3d1224bb4;1;135815462
193.141.170.41;80000009030000351a254f50;3;46727949
193.141.170.47;80000009030000351a254f50;3;46727963
193.148.20.82;80000009030074a02f6e88ec;1;24201657
193.148.21.125;800000090300e4387e216980;10;28783047
193.148.21.148;800000090300004268dfedfe;2;12900671
193.148.22.115;800000090300cc46d6c163be;3;30171393
193.148.22.8;800000090300f44e0506c340;1;42816698
193.160.92.70;80001f88808654663da62d5a5900000000;31;16296069
193.160.94.9;800000090300d47798a79200;38;4594969
193.162.138.1;80000a4c01c1a28a01;1;56420564
193.163.45.225;8000000903d4c93c5bf870;0;0
193.163.45.254;0000000903002c01b50a8a00;3;71215165
193.163.98.8;800000090300689e0becdf80;2;140580989
193.169.171.1;80003a8c04;0;0
193.169.171.33;80003a8c04;0;0
193.169.69.1;f5717f001c732fc48600;13;9105701
193.172.136.33;800000090300286f7f43ae00;11;55603537
193.172.137.63;80000009030078bc1a1c5280;8;100936540
193.172.141.95;800000090300d477989ff000;3;111630713
193.173.12.32;80000009030070695af75520;2;38873603
193.173.12.65;800000090300e4387ed29700;12;16215022
193.173.157.71;80000009030008ecf5d24e80;7;102061061
193.173.159.63;800000090300cc7f7636c600;22;1974754
193.173.25.194;8000000903006cb2ae635a00;14;102058777
193.173.37.128;80000009030004627341d100;15;31195060
193.173.37.143;80000009030004627341d100;15;31195036
193.173.63.223;800000090300780cf08f9700;8;100403284
193.173.73.240;8000000903007488bb24a480;9;29040527
193.177.180.3;8000000903004c710da1cd00;4;67377741
193.187.120.10;800000090300f83918eaaab0;15;30654531
193.187.120.19;800000090300f83918eaab40;15;30654224
193.187.120.91;800000090300f83918eaab40;15;30654499
193.187.190.3;80000634b29e2000101470d8f7;5;10810420
193.187.191.10;80000634b29e2000101471d8f7;4;10811951
193.187.191.11;80000634b29e2000101470d8f7;5;10810400
193.187.191.17;80000634b22db4001014e8f756;6;70126842
193.187.191.19;80000634b20400001014cbd196;3;70125603
193.189.139.2;80003a8c04;0;0
193.202.98.192;8000000903004cec0f5cb780;4;55462921
193.202.98.195;8000000903004cec0f5cb780;4;55462919
193.238.241.89;800000090300881dfcd31800;3;174490959
193.239.186.24;80000009030000070e0f2f44;3;11934761
193.239.186.25;80000009030000070e0f2f44;3;11934804
193.239.186.49;80000009030000070e0f2f44;3;11934811
193.239.186.95;80001f88802330a55a04c1396300000000;10;3348929
193.239.187.21;800000090300000ab86d8f58;15;36640147
193.242.210.41;80001f8880f40b5725a410415500000000;20;8665818
193.25.96.1;8000000903001c6a7ab9057a;5;12188385
193.254.214.70;800000090300001e7a585da8;16;16347553
193.34.81.1;f5717f001c73eec04d00;6;730937
193.34.81.105;800000e804435a4a33323030374c51;17;1748861379
193.34.81.121;80001f8880a03b000066000000;1;1748861650
193.34.81.123;80001f88805c01000066000000;1;1748858039
193.34.81.137;800000e804435a3335313958483935;28;1748861586
193.34.81.14;80001f8880b872000066000000;1;1748857817
193.34.81.141;800000e804435a3336303156594457;5;1748861442
193.34.81.142;80001f88807f7b8602b929ea5e;12656;213270
193.34.81.176;800000e80455534534343042455453;7;1748861352
193.34.81.180;800000e804435a333332354836434a;16;1748861386
193.34.81.190;80001f888027167b02d2c15e51;17561;216
193.34.81.228;80001f8880b355de0f57484c53;9587;5015
193.34.81.252;800000e80455534533333845584145;15;1748861394
193.34.81.34;80001f8880666400006a000000;1;1748860897
193.34.81.57;800000e804435a3232353130384a43;6;1748861030
193.36.229.255;80000009030070ea1a564f30;9;158416466
193.37.204.1;80000634b20400001014d3d196;0;44219569
193.37.204.129;80000634b20400001014d3d196;0;44219589
193.38.141.245;80000a4c01b2d95005;3;16369765
193.39.7.14;80000a4c01b2d95006;7;657122
193.42.109.1;80001f88800c9a731c73f07b5f00000000;7;48232667
193.42.252.6;80000009030000a6cac86300;18;4627985
193.56.239.117;80003a8c04;0;0
193.56.239.213;80003a8c04;0;0
193.56.239.41;80003a8c04;0;0
193.56.239.57;80003a8c04;0;0
193.56.239.85;80003a8c04;0;0
193.67.144.10;8000000903a0935103551c;0;0
193.67.185.253;80000009030070ca9b49c8c0;2;47318949
193.67.231.207;8000000903006c310ec29380;6;12590234
193.78.66.251;80000a4c01c14e42f9;58;58903185
193.79.17.191;8000000903006cb2ae59966c;1;87013441
193.79.229.122;8000000903005057a8198250;4;47087547
193.79.231.198;8000000903005451de037580;6;27789702
194.102.239.25;800000090300a0b439fd6100;16;46379279
194.102.239.6;800000090300a0b439fd6100;16;46379282
194.104.27.2;800000090300e8eb34ca6a80;8;72414691
194.110.221.3;80001f888061459ca06500db14;1;54306518
194.120.149.48;800028390374fe4861e901;1;314340
194.120.54.48;80000009030000fec8650fb0;2;33741508
194.121.13.199;80003ffa0300042d0e1f68;1;23042
194.122.170.51;800000090300084fa9abb280;40;14804464
194.122.183.38;80001f888044486f8c000000006835b14d;1;512211
194.122.191.79;80001cc7031449bc7a6ca0;0;0
194.140.246.0;80000009030058ac787ba400;18;59531417
194.145.246.95;800000090300001e4a9f6ca8;4;200336401
194.145.247.1;800000090300001e4a9f6ca8;4;200336413
194.151.121.89;80000009030020cfaea6c300;3;103227786
194.151.188.48;800000090300e4aa5db0020e;2;1124724
194.151.28.177;80000009030010f311f087df;3;72579644
194.151.4.135;800000090300500f8000ad00;7;102838114
194.151.73.95;80000009030000f28bbc90b0;3;6053992
194.153.74.12;800000090300d0dc2ce44500;10;17942506
194.158.170.30;f5717fc0d6822461e900;3;68660902
194.171.108.1;800063a280d89403e2a07b00000087;1;214718799
194.171.108.77;800063a280d89403e2a07b00000097;1;255215293
194.171.216.1;800000090300501cb0a75480;12;103145595
194.171.33.253;800000090300c4f7d5886a00;6;166733371
194.171.38.253;80000009030000bc60c0e880;10;280265
194.187.76.101;80001f88800a5270522790ba5d00000000;16;28973529
194.187.76.73;80001f8880e3bb7d251381ca5d00000000;8;67284242
194.196.105.15;00000009030080a2355c3000;10;1604237
194.196.123.89;0000000903001cea0b67e000;12;1684017
194.196.18.121;8000000903003890a5891f00;5;7434036
194.196.18.127;8000000903003890a5891f00;5;7434267
194.196.184.81;00000009030080a235133000;8;1598540
194.196.190.50;80000009030080433fcd9383;2;3788173
194.196.192.89;8000000903006c416a020220;1;62480565
194.196.205.2;800000090300c067af25ab80;2;133325836
194.196.222.32;00000009030080a2355e0800;7;1508182
194.196.230.25;800000090300c067af425900;6;35245430
194.196.233.31;800000090300380e4d921b00;1;18040993
194.196.34.120;00000009030080a235992800;17;1511947
194.196.34.121;00000009030080a235992800;17;1511973
194.196.42.17;00000009030080a23513f800;8;1593608
194.196.46.9;00000009030080a2355be000;7;1856285
194.196.48.113;00000009030080a235982000;8;2116414
194.196.49.225;800000090300e4c722bafba0;5;3904000
194.196.50.113;00000009030080a2355ac800;7;74595810
194.196.95.34;80000009030000d78f557000;6;18055510
194.196.95.35;800000090300dc8c375fc400;4;18054096
194.229.78.161;800000090300706d15ea7c80;3;118794142
194.26.153.251;8000000903005cb12e828d00;9;13880107
194.26.80.11;0000000b0000f06281142bc0;35;22270502
194.30.182.16;80000009030000bf77da3880;16;9477962
194.30.182.17;80000009030000bf77da3880;16;9477998
194.31.131.1;8000000903004c0082a07200;11;65812919
194.31.131.64;800000090300003a7d459f00;6;770554186
194.32.121.238;80003a8c04;0;0
194.39.216.97;80000a4c03c8e7f0b82500;3;13216302
194.49.83.202;8000000903007079b3720d20;6;210920664
194.5.181.120;8000000903009077ee861880;31;6241
194.5.181.21;800000090300ec01d5342a80;35;514184
194.5.181.41;8000000903001cfc17422200;25;4831906
194.5.181.57;800000090300c828e550de00;12;25388734
194.5.181.71;80000009030044b6be307880;104;28936404
194.5.181.81;800000090300d0e04232fe00;24;3532874
194.5.181.87;800000090300bcd295925900;24;12628548
194.50.163.6;80001f888071fbab6d00e5005200000000;13;210854354
194.53.206.168;80001f8880b860c35f891b335800000000;98;17337676
194.53.206.49;80001f888093e20977bb4db366;9;14345346
194.53.206.84;80001f888090d198077421a56600000000;62;153346
194.53.72.1;80000009030034ed1bdffa80;11;60964128
194.53.73.255;80000009030034ed1bdffa80;11;60964341
194.61.120.50;80003a8c046d6b745f3139342e36312e3132302e3530;0;0
194.69.16.128;800000090300000a8ae72581;5;434723742
194.69.16.250;800000090300000a8ae72581;5;434723760
194.69.16.255;800000090300a4934c30c000;8;173818137
194.69.16.89;800000090300000a8af0e4c1;10;146694488
194.69.16.90;800000090300000a8ae72581;5;434723982
194.69.180.33;800000090300cc90709f26c0;12;3386782
194.69.22.88;800000090300a4934c0154d6;7;81828342
194.69.28.26;80000009030070105c683481;4;372554594
194.69.28.78;800000090300c067af3fb574;8;90988658
194.69.29.247;800000090300c067af3fb5a4;8;13948615
194.69.31.227;800000090300000a8ae72581;5;434723737
194.69.31.231;800000090300000a8af0e4c1;10;146694192
194.69.31.97;800000090300000a8af0e4c1;10;146694215
194.76.149.1;8000000903000027e3776600;7;11104328
194.76.149.161;8000000903000027e3776600;7;11104626
194.76.149.175;8000000903000027e3776600;7;11104632
194.76.149.176;8000000903000027e3776600;7;11104377
194.76.149.216;8000000903000027e3776600;7;11104352
194.76.150.254;80000009030000d78f5d0700;7;12149972
194.8.12.25;8000000903006cb2aeb12980;49;79699473
195.114.232.17;80000a4c015ef74805;1;123105966
195.114.237.29;80000a4c015ef74804;7;31963638
195.114.30.1;8000cda203649d99d1fd8b;44;86733074
195.114.30.2;80001f888004254c1898df1a6500000000;1;52601527
195.12.60.208;80003a8c04;0;0
195.121.105.25;800000090300706bb99aab92;5;209613992
195.121.105.27;800000090300706bb99aadc7;12;16803462
195.121.105.59;800000090300706bb99aadc7;12;16803466
195.121.108.0;800000090300706bb99aab92;5;209613996
195.121.108.13;800000090300706bb99aab92;5;209614224
195.121.108.14;800000090300706bb99aab92;5;209614206
195.121.108.15;800000090300706bb99aab92;5;209613953
195.121.108.42;800000090300706bb99aab92;5;209613969
195.121.109.57;800000090300706bb99aab92;5;209613949
195.121.109.83;800000090300706bb99aadc7;12;16803211
195.121.109.87;800000090300706bb99aab92;5;209613993
195.121.109.97;800000090300706bb99aab92;5;209613968
195.121.91.123;800000090300706bb99aab92;5;209613945
195.121.91.171;800000090300706bb99aadc7;12;16803484
195.121.91.202;800000090300706bb99aab92;5;209613951
195.121.91.57;800000090300706bb99aab92;5;209613985
195.121.91.80;800000090300706bb99aab92;5;209614227
195.134.168.49;80000009030000be75907980;22;53739705
195.169.148.16;80001f88803410fc5eb5c02865;6;50551883
195.169.148.30;80001f88803410fc5eb5c02865;6;50551857
195.169.155.49;800000090300081ff31ea701;2;96483213
195.169.46.13;80001f88807f233b577157e86400000000;17;2766727
195.182.199.1;f5717f001c73f3df2c00;18;566391
195.182.27.34;800007db0358d061f79da0;4;84641465
195.183.128.95;800000090300d072dc316e20;1;27138057
195.183.141.33;800000090300bce712a94b00;10;2984930
195.183.156.25;80000009030010f311d3de00;3;50019856
195.183.156.31;80000009030010f311d3de00;3;50019618
195.183.24.112;800000090300500f80a4e040;1;55470947
195.183.24.146;80000009030044643c863600;2;34893774
195.183.8.153;800000090300e02f6dd600e8;1;11659885
195.184.64.177;800007c703748ef85b3600;790;10297538
195.184.65.17;8000000903000025450f1b00;21;25486638
195.184.65.7;8000000903000025450f1b00;21;25486384
195.184.65.97;80003a8c04;0;0
195.184.77.15;80000009030000b771712b00;23;104541514
195.184.77.19;80000009030000eabde21680;7;104541133
195.184.90.6;800000090300e41f7b4ad600;9;57096729
195.191.1.60;800000090300008e73df0e00;12;48503222
195.191.120.16;800000090300006bf174171c;3;7843205
195.191.120.32;800000090300006bf17417d0;1;40723861
195.191.17.235;00000009030040ce2438a830;6;48241800
195.20.48.25;f5717ffcbd6751329b00;14;8175886
195.212.105.0;80000009030070db98bcee80;11;156637259
195.212.12.48;8000000903007c210dcc5f81;5;11249552
195.212.12.54;8000000903007c210dcc5f81;5;11249538
195.212.122.49;00000009030080a2355e0800;7;1508218
195.212.13.73;80000009030004a741df9780;10;828738
195.212.144.80;00000009030080a2355ab000;6;1601200
195.212.168.17;800000090300b4de31107b80;1;2999247
195.212.169.63;00000009030080a2355d4000;7;4147739
195.212.19.120;8000000903007cad4f76da80;2;140814060
195.212.190.13;800000090300f866f2a56c80;13;70670243
195.212.23.129;00000009030080a2355ca800;9;2113943
195.212.231.48;00000009030080a235983000;10;1686435
195.212.24.49;8000000903007cad4f0aae00;10;26333445
195.212.28.224;8000000903002cd02d6f6d00;5;111280996
195.212.29.128;8000000903007cad4f0aae00;10;26333487
195.212.32.17;00000009030080a2355e1800;6;2113148
195.212.40.209;800000090300701f53ba7500;64;27198618
195.212.42.130;8000000903bc4a5699f4e0;0;0
195.212.42.81;8000000903008c84422fa880;2;60381258
195.212.43.24;80000009030080e01de345a0;1;140476762
195.212.66.202;800000090300fc9947a3f470;3;14742358
195.212.92.208;00000009030080a235135800;8;2108174
195.219.146.2;f5717f985d82b78b5700;8;1516511
195.219.194.98;3,8303E+49;1336;9418898
195.222.9.81;800000090300689e0b9aa500;8;17873458
195.33.118.225;8000000903005c64f1f58b80;18;2234831
195.33.163.81;80000009030080e01dc43600;6;65913646
195.34.202.86;80000009030000b670c53b00;10;87719247
195.35.133.192;8000000903005488dea4a980;6;24447871
195.35.133.209;800000090300084fa98b0b80;8;16844457
195.35.133.53;800000090300084fa94d1e80;23;4896696
195.35.134.185;8000000903007411b2a8d780;12;16663300
195.35.144.12;8000000903005cb12e923d00;6;1732385
195.35.145.185;800000090300084fa9317a80;23;42340139
195.35.145.79;800000090300f86bd93d0580;27;4669001
195.35.149.248;80000009030024d79c375200;42;5351584
195.35.149.252;8000000903005451de453400;10;48025382
195.35.149.73;800007db03a4be2bb880fa;21;578861
195.35.150.181;800033870370fc8c678170;0;0
195.35.150.240;8000000903005cb12e7a0e80;14;34218666
195.35.150.65;800000090300889cadf94d80;6;23598878
195.35.153.241;800033870370fc8c5454c0;0;0
195.35.154.193;800000090300148473eaa400;10;3984628
195.35.154.197;800000090300148473ea0e00;8;4072013
195.35.154.205;8000000903005c64f1f30b00;8;2336397
195.35.154.234;80000c190443303344303745323642334530;1;517223
195.35.154.237;800033870370fc8c681ec0;0;0
195.35.155.145;80000009030000b8b30e9381;13;27465985
195.35.155.240;8000000903005cb12e82bd80;6;7599458
195.35.155.253;8000000903005c64f1f39f8598 packets captured;;
195.35.160.150;800000090300188090b09080;30;15297234
195.35.170.109;800000090300504921a96a80;8;6684763
195.35.193.97;800033870370fc8c66da80;0;0
195.35.194.152;8000000903007079b3d47300;20;47772971
195.35.194.17;800033870370fc8c676f70;0;0
195.35.194.176;80000009030084ebef22d180;12;79087226
195.35.194.240;80000009030084ebef22dd80;8;10806995
195.35.194.56;8000000903007cad4f9b9200;20;37421733
195.35.194.64;8000000903007cad4f2a9980;39;17805887
195.35.194.79;800000090300e8eb34c9b280;28;17806155
195.35.194.80;80000009030028affd8ffa00;10;80215955
195.35.194.95;800000090300a47806623c00;14;70673043
195.35.195.69;80000009030040b5c184a680;48;13908886
195.35.195.81;800000090300a03d6e243f00;10;79695634
195.35.198.111;80000009030028affde8e480;18;1654625
195.35.198.208;800000090300cc7f76381200;32;38095244
195.35.198.23;800000090300084fa9312800;49;11320820
195.35.198.33;8000000903007cad4f9b6d80;13;79090484
195.35.199.193;80000009030054781a5d5881;15;1623273
195.35.199.208;800000090300084fa9883a00;23;3007504
195.35.208.6;000039e7000000a1ac1e7f01;33;10864451
195.35.210.54;800000e804435a4a38313330463558;4;1748869021
195.35.213.95;8000000903005451dea74d00;10;4661781
195.35.217.248;8000000903007cad4f787100;12;29929050
195.35.218.201;800000090300a478065fb600;31;8221001
195.35.222.97;800000090300889cadf53d00;4;19880945
195.35.223.193;800033870370fc8c58a2b0;0;0
195.35.223.233;80000009030084ebefa93580;6;18411684
195.35.225.105;800007c703c0c520a5ed9b;15;2109567
195.35.229.29;800000090300c47ee04cc400;10;4486837
195.35.230.131;800000090300d009c8319880;4;15469664
195.35.230.165;8000000903005c64f1af4000;8;1562522
195.35.230.173;800000090300889cadf53900;8;3555741
195.35.231.107;80001f8880bb2a8652cb6e1e4d;6;7707799
195.35.231.41;80000009030024d79c3b2500;8;21520531
195.35.231.84;8000000903005c3e06db2d00;4;15563188
195.35.231.85;8000000903005c3e06db2d00;4;15563176
195.35.231.98;80001f8880bb2a8652cb6e1e4d;6;7707812
195.35.241.144;800000090300c014fe4efd00;25;4676615
195.35.241.152;80000009030080276c9a4e80;15;2847897
195.35.241.69;800033870370fc8c66c680;0;0
195.35.242.106;800000090300084fa98ac880;7;79139750
195.35.242.71;8000000903004c421ee8d700;8;11137559
195.35.242.82;80000009030028affd6ae5f0;18;7223831
195.35.243.151;8000000903005c3e06cfd300;14;2776648
195.35.243.216;800000090300a4780682e980;14;77251395
195.35.243.88;800000090300e462c4790080;12;5427596
195.35.243.99;800000090300cc7f76719f00;14;76033642
195.35.245.8;8000000903005c3e06b93480;15;6568283
195.35.250.140;800000090300084fa988f200;17;26536214
195.35.250.143;800000090300084fa988f200;17;26536195
195.35.250.17;800033870370fc8c681600;0;0
195.35.251.177;8000000903004c421e80f380;14;48130224
195.35.251.253;800033870370fc8c6767d0;0;0
195.35.253.56;8000000903005451dea7c100;6;8475028
195.35.254.65;8000000903005451deb0a400;4;586569
195.38.213.103;800000090300689e0b9ab480;17;7506592
195.38.214.33;8E+23;2;78190736
195.5.163.217;80001f8880322c410ede19eb5a00000000;28;49111672
195.60.212.112;80000009030080e01da02c81;9;152808025
195.60.212.24;80000009030080e01da02c81;9;152808038
195.60.212.72;80000009030080e01da02c81;9;152808042
195.60.212.8;80000009030080e01da02c81;9;152808001
195.60.213.0;80000009030080e01da02c81;9;152808025
195.60.213.145;80000009030080e01da02c81;9;152808029
195.60.213.215;80000009030080e01da02c81;9;152808308
195.60.213.249;80000009030080e01da02c81;9;152808266
195.60.214.112;80000009030080e01da02c81;9;152808303
195.60.214.144;80000009030080e01da02c81;9;152808002
195.60.214.208;80000009030080e01da02c81;9;152808006
195.60.214.227;80000009030080e01da02c81;9;152808042
195.60.214.255;80000009030080e01da02c81;9;152808290
195.60.214.89;80000009030080e01da02c81;9;152808005
195.69.225.1;80003a8c04;0;0
195.69.72.110;8000000903f80f6fe4c650;0;0
195.69.74.190;8000000903f80f6fe4c650;0;0
195.73.208.233;80000009030054a27464442a;4;103571732
195.75.111.217;00000009030080a2355c2000;9;5052571
195.75.111.79;00000009030080a235135800;8;2108194
195.75.114.136;00000009030080a235135800;8;2108152
195.75.116.177;8000000903008c84428f3300;2;62282142
195.75.143.74;80000009030070db98bcef80;7;92358252
195.75.176.233;00000009030080a2355ab000;6;1601203
195.75.179.63;8000000903000476b0faaf60;13;30817816
195.75.191.169;00000009030080a2355ca800;9;2113944
195.75.227.33;800000090300f07f067cee80;4;77771629
195.75.243.65;00000009030080a2355ab000;6;1601200
195.75.244.147;8000000903005c5ac71b2b80;16;73736928
195.75.250.121;800000090300286f7f73ef00;4;2955019
195.75.27.15;800000090300acf2c526a500;1;8112557
195.75.27.175;00000009030080a235145800;10;1859922
195.75.27.233;00000009030080a235145800;10;1859888
195.75.31.185;80000009030074a02f8dee00;2;6218746
195.75.38.183;800000090300f872ea631b00;3;7547862
195.75.38.57;0000000903001cea0b67e000;12;1683980
195.75.74.52;8000000903003c08f6bc35e0;12;44677741
195.75.83.233;8000000903007cad4f761b80;4;2681249
195.75.87.176;8000000903007cad74b4c720;4;5520658
195.75.87.191;8000000903007cad74b4c720;4;5520615
195.75.90.201;800000090300cc6a33a57800;12;7492899
195.75.97.192;800000090300b0faeb49c560;2;11922829
195.75.98.249;8000000903002c4f52592fe0;30;313519
195.85.132.1;800000090300000deda95be0;3;196944901
195.85.132.31;800000090300000deda95be0;3;196944889
195.85.132.35;800000090300000d28cb0000;4;234290488
195.85.191.42;8000000903006400f1ee0080;15;58011256
195.88.211.129;80003a8c04;0;0
199.103.8.0;800000090300cc7f76726700;6;101628957
204.8.80.1;80000a4c01b9ab3008;3;15729863
206.189.5.183;80001f8880eff079318d0e1a5800000000;99;14869678
208.88.128.127;80000009030040f078d61a80;19;2334360
208.88.128.148;800000090300b8a37730da80;12;38092426
208.88.128.150;800000090300b8a37719fa00;33;14804614
208.88.128.169;80000009030044ae256b7c80;30;6408627
208.88.128.218;800000090300ecce138b2d00;24;6546688
208.88.128.222;800000090300bc5a566d1900;9;28353347
208.88.128.25;80000009030078bc1a356880;29;146010226
208.88.128.50;8000000903007079b342c080;27;88731484
208.88.128.51;800000090300005d73765a00;17;46148931
208.88.128.73;8000000903006c8d771bff80;6;80320164
208.88.129.103;800000090300f80f6fa5c180;17;25033883
208.88.129.122;80000009030024d79ca38700;4;52370933
208.88.129.127;800000090300fc99471e5e70;2;65185467
208.88.129.132;800000090300fc994798b9e0;2;47416457
208.88.129.139;800000090300ecbd1dc65b00;22;20315437
208.88.129.141;800000090300c471fe77da00;17;1531121
208.88.129.148;800000090300c828e550de00;12;25388722
208.88.129.149;800000090300503de55190b0;5;87704860
208.88.129.181;800000090300f4dbe6d82800;11;34974597
208.88.129.188;800000090300c014fe1cf880;6;144286969
208.88.129.194;80000009030044ae25408100;21;6575680
208.88.129.208;80000009030024d79c38cf00;13;33019494
208.88.129.238;8000000903009077eeb30b00;21;8303706
208.88.129.255;80000009030030e4dba77228;13;8386667
208.88.129.44;8000000903004c710d06df00;35;50978873
208.88.129.50;800000090300e41f7b0e3a80;20;27754531
208.88.129.53;800000090300c014fe137280;23;28243326
208.88.129.56;800000090300d4789b6aa300;12;61008298
208.88.129.68;800000090300b08bcf9a1100;121;1527648
208.88.129.81;8000000903001cfc17436880;34;10112149
208.88.129.91;800000090300e41f7b0e4600;7;140922773
208.88.130.104;800000090300c44d84bc3980;14;78384839
208.88.130.124;80000009030034ed1bfd4100;34;10790077
208.88.130.131;8000000903009077eeb31880;56;8292532
208.88.130.135;8000000903006c8d7716a080;25;1205360
208.88.130.14;80000009030030f70d6f1a24;5;21598839
208.88.130.183;800000090300f04a027f3f80;18;2712873
208.88.130.85;80000009030034ed1bdb4e80;17;15889065
208.88.130.95;800000090300ecce138b2400;9;17276058
212.32.249.89;800063a2804caea36c693100000001;1;167582749
212.32.252.172;80001f8880c3f0455d850aa16400000000;65;567254
212.32.253.227;80001f888038cc8c74fbb5a66400000000;13;4524377
212.36.153.26;80000009030000c88bad1e04;5;66000753
212.45.33.80;800000090300001d45de2aa0;13;142505253
212.45.35.164;800000090300001d45de2aa0;13;142505477
212.45.35.170;8000000903000014f2f99e04;18;51288357
212.45.37.1;800000090300001d45de2aa0;13;142505522
212.45.38.129;000000090200003096e6a400;11;4523219
212.45.42.1;80000009ee0028940ffeac40;2;46153961
212.45.44.172;80000009ee00b0faeb1f4400;16;11351849
212.45.44.178;800000090300001d45de2aa0;13;142505232
212.45.44.191;80000009ee0028940ffeac40;2;46154003
212.45.44.202;800000090300588d09e69915;62;115376815
212.45.45.136;800000090300001d45de2aa0;13;142505254
212.45.45.183;800000090300588d09e6931c;2;47635861
212.45.45.216;800000090300001d45de2aa0;13;142505235
212.45.45.219;8000000903000014f2f99e04;18;51288358
212.45.45.227;8000000903000014f2f99e04;18;51288394
212.45.45.236;800000090300588d09e6931c;2;47635855
212.45.45.73;800000090300001d45de2aa0;13;142505260
212.45.49.32;80000009ee0028940ffeac40;2;46153962
212.45.50.132;00000063000000a1ac10ab70;9;11414556
212.45.50.63;80000009ee0028940ffeac40;2;46154268
212.45.50.65;80000009ee00b0faeb1f4400;16;11351856
212.45.51.128;80000009ee00b0faeb1f4400;16;11351830
212.45.51.97;80000009ee00b0faeb1f4400;16;11351850
212.45.60.100;8000000903002c542dc44316;21;116020397
212.45.60.42;80000009ee0028940ffeac40;2;46154251
212.45.61.40;80000009ee0028940ffeac40;2;46153980
212.45.61.68;800000090300588d09e6931c;2;47635870
212.45.61.82;8000000903000014f2f99e04;18;51288397
212.45.61.83;8000000903000014f2f99e04;18;51288373
212.45.63.125;8000000903000014f2f99e04;18;51288395
212.45.63.221;800000090300001d45de2aa0;13;142505256
212.45.63.222;8000000903000014f2f99e04;18;51288353
212.45.63.77;800000090300001d45de2aa0;13;142505277
212.6.57.14;8000000903d4e88026545c;0;0
212.7.201.186;8,0003E+41;1746729607;2131989
212.7.203.247;80001f8880cca2354881de196800000000;5;567292
212.7.207.203;80001f8880b0d5e63e672c2b6200000000;16;567479
212.8.249.177;80001f8880477fc21943848a6500000000;5;2282329
